"","ID","Description","GeneRatio","BgRatio","pvalue","p.adjust","qvalue","geneID","Count"
"hsa04520","hsa04520","Adherens junction","57/3790","71/8163",4.27945706366102e-09,7.57981478905081e-07,5.40347785659621e-07,"5777/1956/7082/6714/5879/2260/25945/10810/8976/117178/8826/999/3643/7048/6934/4301/4233/51176/1459/5787/81607/29119/10458/2241/5770/1496/1460/5792/56288/10163/1457/2534/10580/83439/4088/1499/52/5594/7046/5797/2064/6615/7525/6885/4089/9855/87/8936/1495/6932/6591/4008/81/5819/7454/60/5818",57
"hsa05014","hsa05014","Amyotrophic lateral sclerosis","223/3790","364/8163",4.36876933086502e-09,7.57981478905081e-07,5.40347785659621e-07,"7175/5608/10010/64446/2066/2891/6391/3309/3710/5705/27089/4722/572/516/5691/4728/5530/5702/54539/56893/3831/4927/10383/10133/6506/1345/5700/5714/515/5879/10452/9818/10126/7157/400916/4744/9377/220988/2882/834/4704/5532/55706/10189/9217/126328/283/9542/3798/7494/23279/3181/5685/65018/4724/4928/5690/10013/1337/55916/468/8878/1347/4705/23511/10376/637/4217/146754/29978/7846/518/4708/56171/1349/9782/7381/79902/8701/23225/1770/5216/498/84557/5709/8678/84790/7979/1351/2521/5719/56901/5713/23636/25978/81929/6428/29110/10381/9821/203068/7384/22863/3800/4741/1340/5603/5861/4712/6647/129401/84516/5684/847/311/7132/25981/2906/4512/4707/5692/23435/22926/5689/4700/9688/6389/4710/9451/4702/3178/9706/196385/100506742/5289/1767/9972/10121/5868/79139/2475/5682/23064/1768/127602/2733/1329/5715/522/581/1327/4686/374291/80208/2904/27019/4701/513/29796/201625/4716/4726/7802/506/57122/10213/4513/55626/5693/4541/83544/26100/7186/539/11258/55967/5694/55255/3799/2081/3084/64837/5695/517/51079/6432/4706/5600/5686/596/10120/348995/5683/347733/55860/836/9896/6396/4696/1350/10540/4842/2903/4694/55567/10762/2902/56000/1639/60/51164/4723/140775/7415/5704/4218/5217/23165/29107/7385/84617/90550/1346",223
"hsa04110","hsa04110","Cell cycle","90/3790","126/8163",9.02995611880212e-09,1.04446492440811e-06,7.4457532909421e-07,"9134/7272/29945/595/3065/7534/5591/7157/1875/983/4171/4173/9700/890/4085/993/898/5111/7531/891/9126/4172/10459/1022/7027/996/8318/990/995/1111/9184/9133/4176/701/8697/1029/1870/1028/51433/991/8555/699/51434/10971/9088/5347/9232/896/4087/4193/7029/25/545/1874/8243/6502/1017/894/1869/8379/8556/4175/25906/23594/1019/1027/8881/4998/10274/51529/5925/7465/4088/6500/9978/4174/51343/1026/4999/3066/4089/8900/7529/85417/119504/5001/472/2810/2932/10926",90
"hsa04141","hsa04141","Protein processing in endoplasmic reticulum","114/3790","171/8163",5.62365425794398e-08,4.8785200687664e-06,3.47778618583378e-06,"80267/3320/5887/57134/823/6184/3703/3309/9601/9632/56893/51726/4780/23640/7326/10130/27102/23193/824/22872/1650/9532/2923/821/5602/7322/10525/7494/6748/6746/29927/56886/10294/55757/54431/56605/7993/7321/258010/468/11231/9871/811/4217/29978/7095/10960/10483/10961/3998/6238/10952/51465/23190/4287/51009/10273/5601/6400/5599/7466/80343/10299/3310/7184/10277/23480/10113/27248/6747/7327/22926/6500/5589/9451/9978/100506742/6185/51128/79139/1603/267/55741/581/23645/573/1410/3300/55176/7186/6745/7991/2081/55968/5886/3306/118424/7353/5034/3326/10970/22824/596/51360/9709/23471/9373/54788/6396/51619/10802/5611/7415/4121",114
"hsa04120","hsa04120","Ubiquitin mediated proteolysis","95/3790","142/8163",5.61280720067493e-07,3.8952881972684e-05,2.7768625098076e-05,"330/90293/6923/9040/29945/10055/7317/23624/7325/65264/7326/4214/134111/7428/9320/8450/22954/7320/7322/7334/64326/7319/11065/672/7328/9817/10401/23759/7321/996/3093/23327/8697/55284/7314/8554/51433/991/51465/10477/51434/331/27338/23295/4193/10273/8945/6502/6233/25906/57154/10277/9021/8881/4591/27339/51529/7327/6500/867/9978/51343/9820/7332/10075/55120/89910/23221/8451/55294/9690/83737/9063/868/1161/51366/55958/9886/7329/8925/54926/8065/26091/118424/119504/55585/389898/9039/140739/51619/8651/1643/10054/26272/7318",95
"hsa03030","hsa03030","DNA replication","31/3790","36/8163",8.53356839151586e-07,4.93524705309334e-05,3.51822556492321e-05,"246243/4171/4173/10535/5982/5111/5426/4172/5983/1763/5985/4176/5424/5425/2237/5427/5984/3978/54107/6119/10714/4175/4174/5557/56655/23649/84153/5981/79621/6117/5558",31
"hsa00310","hsa00310","Lysine degradation","47/3790","63/8163",4.73237522908358e-06,0.000214163116772002,0.000152672023180405,"2122/51166/79823/224/2639/6419/56950/7468/7799/10157/83852/2146/5352/55870/1892/55904/2145/38/5351/79813/55526/79723/3033/4297/51268/217/10919/387893/64324/58508/1962/85007/80854/8985/29072/64754/501/63976/93166/9757/79709/9869/1738/84787/54904/55217/6839",47
"hsa05010","hsa05010","Alzheimer disease","221/3790","384/8163",4.93747819647267e-06,0.000214163116772002,0.000152672023180405,"5295/5332/64116/8323/7855/351/8324/823/29985/4035/57142/6391/3710/5705/27089/4722/572/516/5691/4728/5530/5702/54539/3831/10383/8322/6622/4311/1345/23236/5700/5714/515/3028/3708/2776/7482/201266/10000/824/3643/7472/9377/25800/4704/5532/776/3416/11211/126328/5602/3798/355/5290/7494/23401/5970/4891/5685/25825/4724/83464/5690/1131/55851/1337/468/1459/8471/1347/4705/10376/489/291/8660/637/4217/7846/518/4708/8503/1020/1349/208/7381/55630/840/7419/1460/498/5709/8678/84790/7979/1351/8312/5719/56901/5713/5481/322/23385/1536/23621/10381/5601/9821/203068/5291/7384/22863/3800/1452/5599/8321/1340/4712/2597/91860/5684/1457/5664/4893/7132/55334/2906/5663/207/4041/4512/5293/4707/5692/22926/5689/4700/348/841/91252/6389/4710/9451/1499/4702/5594/9706/100506742/5289/6263/2475/5682/293/488/1329/5715/522/1327/374291/2904/4701/513/51107/5296/29796/7976/4716/4726/506/10213/4513/55626/102/1454/5693/4541/26100/7186/2915/539/27123/55967/5694/7476/3799/2081/64837/5695/3845/1857/517/51079/4706/3551/292/8313/5686/29986/7475/7922/5683/347733/836/4696/1350/369/10313/4842/2903/2932/4694/2902/7474/4723/27035/5704/7385/6868/775/84617/90550/1346",221
"hsa05200","hsa05200","Pathways in cancer","295/3790","531/8163",8.15611028095666e-06,0.000314463363054662,0.000224173791347932,"5295/6387/3320/7175/330/5332/1284/9252/3572/3082/7849/8323/7855/9134/8324/2099/54331/2122/6923/3913/4259/1612/2948/6776/3455/572/2737/9446/2100/2261/595/5337/10672/3597/1956/23566/3909/8322/3481/2786/4780/23236/3911/3065/5879/185/2846/861/5338/5468/9618/3718/55970/5900/2260/2768/2778/2776/3566/7482/2034/115/7157/10000/7428/5154/999/7472/2252/5566/2263/2335/3479/6777/7048/2947/119391/6934/23493/4233/5156/54583/11211/7170/51176/25780/5727/5602/4254/890/3910/1164/3918/2791/355/5290/898/23401/10319/5970/4258/2788/2736/4853/23462/3454/8648/1902/1909/59345/9817/3655/2770/3575/405/652/2735/6093/10342/2950/29119/637/5733/7039/8202/64399/613/332/8503/10928/26508/5732/1029/208/1496/1870/354/6608/840/2323/1163/1286/8312/2885/1436/331/109/1285/3815/9475/1488/896/3716/4087/6778/1487/4193/2246/2773/25/5601/5291/6502/2271/9915/1017/2057/5888/5979/894/1288/1869/5599/8321/5567/26060/862/4292/7296/4855/91860/5734/7184/675/4893/5747/1019/1441/1027/83439/7704/9170/57449/51684/207/6773/817/4041/27436/5925/5293/4088/6500/7423/841/4149/2264/867/112399/624/7424/1499/9978/5594/1026/2324/6654/7046/3563/196883/4436/83593/2002/6667/2475/2064/4286/111/28514/5728/6688/2949/2767/6198/3066/2782/2254/5335/581/4089/2113/4851/10235/5296/8900/7976/10018/6513/7186/6256/2783/54567/4824/7422/7476/3459/5366/3673/3845/6257/1495/1857/3551/6789/3326/8313/6932/3675/7475/5579/3714/596/650/1398/836/2941/2353/3559/10125/3162/356/369/2784/6199/2932/2255/10681/2787/7474/5899/3915/9965/1643/4313/3594",295
"hsa05016","hsa05016","Huntington disease","179/3790","306/8163",1.05742738740794e-05,0.000366927303430556,0.000261574143200912,"5332/64446/2891/6391/5437/5705/5432/27089/4722/516/5691/4728/5702/54539/3831/10383/6506/1345/23236/5700/5714/515/3065/3708/5468/2776/10126/7157/23186/9377/627/2882/4704/126328/5602/3798/5685/4724/5434/5690/1337/1347/4705/10376/291/4217/146754/7846/518/4708/56171/5436/1349/7381/8701/7419/1770/498/5709/8678/84790/7979/1351/5719/3092/5430/56901/5713/7052/10381/5601/9821/203068/7384/22863/3800/5599/5433/1340/7019/9586/4712/6647/1385/84516/5684/6507/148327/25981/4512/1212/6875/4707/5431/5692/5689/4700/841/6389/4710/4702/9706/196385/5289/1767/10121/6667/2475/5682/293/1768/127602/161/3066/1329/5715/522/581/1327/374291/2904/27019/5435/4701/513/29796/201625/1213/4716/4726/7802/506/10213/4513/55626/64764/5693/4541/83544/26100/7186/2915/539/11258/55967/5694/3799/2081/64837/5695/5440/517/51079/4706/292/5686/10120/5683/347733/90993/55860/836/4696/1350/10540/4694/55567/2902/1639/51164/4723/163/1175/5439/6804/5704/7385/84617/1346",179
"hsa05022","hsa05022","Pathways of neurodegeneration - multiple diseases","266/3790","476/8163",1.28492549008876e-05,0.000389415602074327,0.000277605540686992,"5608/5332/10010/64446/8323/7855/351/8324/2891/823/6262/6391/3309/3710/5705/27089/4722/572/516/7345/5691/4728/5530/5702/54539/10131/3831/10383/8322/55669/7317/6622/10133/1345/120892/23236/5700/5714/515/3028/5879/3708/10452/7326/2776/10126/7482/824/4744/7472/9377/627/2882/4704/5532/5621/776/9217/11211/126328/5602/3798/355/7494/23401/5970/5685/65018/4724/5690/1131/1337/468/8878/1459/1347/4705/9927/10376/489/291/637/4217/146754/53349/7846/518/4708/56171/1020/1349/7314/7381/8701/840/7419/1770/1460/498/84557/51465/5709/8678/84790/7979/1351/8312/2521/5719/3092/4287/56901/5713/25978/5481/29110/1536/10381/5601/9821/203068/7384/22863/3800/1452/5599/8321/4741/1340/5603/5861/4712/6647/91860/6233/84516/5684/1457/847/5664/4893/7132/25981/2906/5663/27429/817/4041/4512/4707/7327/5692/23435/22926/5689/4700/841/6389/4710/9451/1499/4702/5594/9706/196385/100506742/5289/1767/10121/7332/5868/79139/6263/2475/5682/293/1768/127602/488/1329/5715/522/5335/581/1327/374291/80208/2904/27019/4701/513/29796/201625/7976/4716/4726/7802/506/10213/4513/55626/1454/5693/4541/83544/26100/7186/2915/539/27123/11258/55967/5694/7476/55255/3799/2081/64837/5695/3845/1857/517/51079/118424/4706/292/11315/8313/5600/5686/7475/5579/596/10120/5683/347733/55860/836/9896/4696/356/1350/369/10540/4842/2903/2932/4694/55567/2902/7474/1639/51164/4723/27035/140775/7415/6804/5704/4218/7385/7318/775/84617/90550/1346",266
"hsa04115","hsa04115","p53 signaling pathway","52/3790","73/8163",1.43364175793301e-05,0.000389415602074327,0.000277605540686992,"7057/64065/9134/595/27244/7157/983/3479/143686/355/898/64326/9538/891/51512/9540/6241/1111/637/9133/4194/1029/896/8795/4193/545/1017/7249/894/900/1019/841/55367/8797/1026/55240/8493/5728/581/83667/5366/5268/472/2810/596/836/5054/3486/901/50484/1643/3732",52
"hsa04510","hsa04510","Focal adhesion","123/3790","201/8163",1.46437765630825e-05,0.000389415602074327,0.000277605540686992,"3696/5295/1292/330/1284/10398/3082/7057/4638/7058/3913/56924/7410/572/8395/80310/595/1956/3909/22801/3911/10298/6714/5500/5879/56034/858/4660/7450/857/55742/10000/2321/5154/824/3371/2335/3479/5499/4233/5156/1298/5602/3910/3918/5290/10319/29780/4659/5906/3655/5923/6093/3679/8503/208/394/1286/2885/331/8394/1285/1277/3672/9475/896/1293/5601/5291/91807/894/1288/5599/2534/7060/5747/7791/2316/7094/207/5293/7423/7424/2909/1729/1499/5594/2324/6654/1299/2002/2064/5728/1101/5296/1297/87/2889/7422/131873/3673/5063/64098/399694/7059/10451/10627/3675/83660/5649/5579/3791/596/8516/1398/2317/81/1291/2932/3676/60/3915/5829",123
"hsa05020","hsa05020","Prion disease","161/3790","273/8163",1.57112923027106e-05,0.000389415602074327,0.000277605540686992,"5295/1958/4684/730/6262/6391/3309/3710/5705/27089/4722/572/516/5691/4728/5530/5702/54539/3831/10383/1345/5700/5714/515/5879/3708/858/857/5566/9377/4704/5532/5621/776/126328/5602/3798/5290/5685/1535/4724/5690/1337/468/1459/1347/4705/10376/291/7846/518/5580/4708/8503/1349/7381/4689/7419/1460/498/5709/84790/7979/1351/5719/56901/5713/712/1536/10381/5601/203068/5291/7384/3800/5599/5567/4688/1340/5603/3310/9586/4712/6647/1385/5684/1457/2534/653361/148327/2906/4512/5293/4707/5692/5689/4700/6389/4710/9451/4702/5594/100506742/713/6263/5682/293/714/1386/1329/5715/522/581/1327/374291/2904/4851/4701/513/5296/29796/4716/4726/506/10213/4513/64764/5693/4541/539/55967/5694/3799/729/64837/5695/517/51079/3306/4706/292/5600/5686/5683/347733/90993/836/4696/1350/2903/2932/4694/2902/4723/3915/5704/7385/775/84617/90550/1346",161
"hsa01522","hsa01522","Endocrine resistance","66/3790","98/8163",2.13701292330774e-05,0.000494362322925191,0.000352419675071803,"5295/2099/572/2100/595/1956/6714/9611/2778/115/7157/10000/5566/3479/5602/5290/4853/10498/8202/8503/1029/208/1870/2885/109/4193/5601/5291/1869/5599/5567/5603/4855/4893/5747/1019/1027/1565/207/5925/5293/5594/2852/1026/6654/196883/6667/2475/2064/111/28514/6198/581/4851/5296/54567/3845/399694/5600/3714/596/2353/369/6199/638/4313",66
"hsa04071","hsa04071","Sphingolipid signaling pathway","77/3790","119/8163",4.02726589534628e-05,0.000837852129412863,0.0005972857588716,"5295/5332/9846/5529/5590/6610/5337/10672/1901/5518/23236/1903/5879/5338/2768/2776/7157/259230/10000/9517/5522/8879/5602/5290/5970/55844/5516/2770/6093/637/4217/5581/8503/5527/208/123099/81537/9475/2206/2773/5601/5291/5599/5519/5603/253782/2534/53637/4893/10558/7132/207/5293/624/5594/5528/5728/581/5296/7186/5523/91012/2205/3845/140/2207/4363/55012/5600/5579/596/5515/28227/9294/130367/5520/4846",77
"hsa04340","hsa04340","Hedgehog signaling pathway","41/3790","56/8163",4.1047510662878e-05,0.000837852129412863,0.0005972857588716,"55733/2737/91653/595/408/339745/2619/50937/5566/1455/5727/2121/2736/23432/2735/3549/64399/6608/57758/1453/23295/8945/84976/894/1452/5567/57154/51684/53944/132884/23288/1456/57467/156/11127/8405/1454/596/409/730094/2932",41
"hsa04218","hsa04218","Cellular senescence","97/3790","156/8163",4.73053631044222e-05,0.000911942277624139,0.000650102943247908,"5295/10111/5608/9134/823/3710/5530/595/22808/10758/5500/3708/2626/7157/10000/1875/5928/824/983/4772/3133/5532/7048/776/5499/4683/890/993/5290/2305/898/5970/7248/891/54822/8878/10114/1111/291/9133/28996/8503/1029/208/1870/7419/2309/896/5481/4087/4193/545/8945/1874/3364/5291/1017/7249/894/4776/4773/1869/4605/5603/91860/22800/4893/1019/6009/207/5925/5293/4088/204851/5594/1026/7046/83593/2475/5728/293/2113/5296/8900/23411/85417/3845/5810/292/678/5600/472/5054/3486/3805/3135/90550",97
"hsa05166","hsa05166","Human T-cell leukemia virus 1 infection","132/3790","222/8163",5.29682022637164e-05,0.000967366641342611,0.000689613713682735,"5295/1958/9134/4487/4215/958/6776/5530/29945/595/1959/3718/4214/115/7157/10000/6929/64784/8850/4772/5566/4488/6777/3133/5532/7048/9700/821/5602/890/4085/5290/898/3383/5970/1739/8829/468/996/811/1111/291/9184/9133/701/8697/5902/8503/1029/208/1870/7419/51433/991/3123/51434/331/109/9232/896/3716/4087/545/5601/5291/1017/894/4776/4773/1869/5599/5567/3113/8379/9586/1385/25906/4893/1019/8881/3689/7132/148327/7094/207/51529/5901/3122/5925/5293/4088/7514/5594/3111/1026/7046/196883/2002/111/5728/6688/293/3119/1386/3554/581/4089/2113/5296/8900/3115/64764/6513/4801/10524/3845/4316/3551/292/119504/472/83660/2224/90993/2353/3559/3112/200186/706/3135/3125/915",132
"hsa04714","hsa04714","Thermogenesis","137/3790","232/8163",6.11033846303899e-05,0.00106014372333727,0.000755752388849559,"2181/2182/6391/5564/6597/27089/4722/516/9658/4728/54539/51703/6599/1345/515/5468/155/6197/4881/2260/2778/6598/115/5566/9377/4704/86/126328/5565/11343/8289/5592/7248/23028/6595/6195/4724/57492/1337/28958/123096/1347/4705/55744/4217/6604/518/4708/1349/7381/10818/498/1351/2885/109/56901/6605/7384/7249/1268/5567/1340/5603/9586/4712/1385/6603/27330/4893/148327/6009/1352/4512/4707/4700/6389/4710/64223/4702/6654/1355/196883/2475/90639/111/6196/1386/6198/79133/8110/1329/522/1327/374291/51241/4701/513/6601/29796/4716/4726/506/4513/64764/4541/539/63976/55967/788/6602/5571/10063/3845/517/51079/353500/4706/5346/5600/90993/51548/57104/4696/65260/1350/284184/29078/6199/4694/1374/60/4723/84335/9551/7385/51287/1346",137
"hsa04390","hsa04390","Hippo signaling pathway","97/3790","157/8163",6.78271126590167e-05,0.00112076229012756,0.000798965988715234,"330/10207/8323/7855/8324/23513/151449/3397/5590/595/23286/5518/8322/64398/5500/7534/7482/8463/999/7472/25937/5522/7048/6934/5499/11211/51176/3993/1740/1739/2736/7531/26524/55844/5516/10413/652/5584/9231/60485/659/29119/332/1496/654/8312/10971/84612/8994/896/1453/4087/2246/8945/56288/655/894/8321/5519/55233/4771/7005/122786/3689/83439/1741/4088/126374/1499/7046/4092/4089/3996/7976/1454/85407/7529/7476/1495/1857/353500/8313/6932/7475/658/6591/650/8200/7004/5515/85409/5054/2932/7474/60/5520/1490",97
"hsa05215","hsa05215","Prostate cancer","64/3790","97/8163",7.45263240266463e-05,0.00117548338351119,0.000837975413696741,"5295/3320/9134/572/80310/595/1956/56034/2260/7157/10000/5154/7113/2263/3479/6934/5156/51176/2078/5290/898/5970/468/2950/6692/7039/8503/208/1870/354/2885/4193/5291/1017/1869/9586/1385/7184/4893/1027/148327/83439/207/5925/5293/1499/5594/1026/6654/2475/2064/5728/5296/64764/4824/5327/3845/3551/3326/6932/596/90993/369/2932",64
"hsa05012","hsa05012","Parkinson disease","154/3790","266/8163",8.98632934304694e-05,0.00135576360088578,0.000966493087238458,"64116/29985/6391/3309/3710/5705/27089/4722/516/7345/5691/4728/5702/54539/10131/3831/10383/55669/7317/7295/6622/1345/120892/4780/5700/5714/515/3708/7326/2778/201266/7157/5566/9377/25800/4704/126328/5602/3798/7494/4891/2774/5685/65018/4724/5690/9817/2770/1337/468/1347/4705/9927/10376/291/4217/7846/518/4708/1349/7314/7381/55630/7419/498/51465/5709/84790/7979/1351/5719/56901/5713/2773/10381/5601/203068/7384/3800/5599/5567/1340/4712/6647/91860/6233/5684/55334/27429/817/4512/4707/7327/5692/22926/4129/5689/4700/91252/6389/4710/9451/4702/7332/6263/5682/111/293/1329/5715/522/5335/581/1327/374291/4701/513/29796/4716/4726/506/10213/4513/5693/4541/539/55967/5694/3799/2081/64837/5695/517/51079/118424/4706/292/11315/5686/29986/7922/5683/347733/836/4696/1350/4694/4723/5704/7385/7318/84617/90550/1346",154
"hsa04151","hsa04151","PI3K-Akt signaling pathway","199/3790","354/8163",0.000101550138038341,0.00146824574580434,0.00104667905434255,"3696/5295/3320/1292/1284/3082/7057/2066/7058/9134/930/54331/3913/5529/3455/572/6446/80310/2261/595/1956/23566/5518/3909/3481/22801/2065/2786/3911/5879/7534/56034/2846/4908/3718/55970/7450/2260/3566/284/7157/10000/2690/92579/2321/4803/5154/3643/2252/5522/2263/3371/2335/3479/627/9470/4915/4233/5156/118788/1298/4254/3910/3918/2791/5290/898/10319/5970/2788/7531/7248/3454/1902/55844/59345/672/5516/3655/9223/3575/5106/1977/468/3679/7039/8503/5586/4602/5527/208/2323/9180/1286/10971/2885/1436/1285/1277/6850/3672/3815/2309/896/3716/1293/4193/2246/5291/1017/2057/7249/894/1288/5519/23533/9586/9863/1385/7184/7060/4893/5747/1019/1441/1027/148327/6009/1975/9170/207/23035/5293/7423/2264/7424/64223/285/5594/5528/1026/2324/6654/3563/1299/2475/2064/5728/1386/6198/2782/2254/7010/1101/5296/10018/1297/64764/5617/6256/7529/2783/5523/7422/131873/29941/3673/1945/3845/3551/7059/3326/55012/1946/3675/5649/3791/596/3164/8516/90993/23239/5515/3559/356/28227/2784/1291/6199/2932/2255/3676/10681/2787/200186/3915/9965/5520/4846",199
"hsa04145","hsa04145","Phagosome","93/3790","152/8163",0.000158940076969618,0.00215691771351899,0.00153761766320935,"7057/7058/948/53407/9902/1514/949/10333/10383/245973/5879/718/8411/715/3920/78989/3133/1780/821/4360/23673/29927/1535/23545/9341/7879/528/81035/10376/811/8417/7846/4689/155066/10952/6890/2212/3123/84790/2213/64581/1536/10381/203068/3113/9114/929/4688/22925/8685/30835/338382/9103/653361/7060/23480/3689/4481/535/3122/3684/6891/3111/5289/5868/3119/1778/1520/526/3115/55176/6441/5878/51382/3916/7037/3673/79659/7059/51143/347733/4842/5869/3112/83547/50617/60/1783/4973/3135/84617/3125/2209",93
"hsa05415","hsa05415","Diabetic cardiomyopathy","120/3790","203/8163",0.000161613430984132,0.00215691771351899,0.00153761766320935,"5295/5332/948/5165/6262/6391/27089/4722/516/5590/4728/54539/1345/23236/515/5500/5879/185/142/10000/1281/3643/9882/9377/4704/7048/5499/126328/5602/5290/5970/5166/1535/4724/5524/1636/1337/5160/1347/4705/489/291/5164/518/5580/4708/8503/5465/1349/208/7381/4689/5350/7419/498/1351/1277/56901/4087/1536/5601/5291/7384/5599/4688/1340/5603/4712/2597/653361/207/2673/817/4512/5293/4707/4088/4700/6389/4710/4702/7046/6667/2475/5728/293/488/1329/522/1327/374291/9945/4701/513/5296/29796/4716/4726/506/4513/6513/4541/539/55967/517/51079/4706/292/1215/5600/5579/4696/1350/2932/4694/4723/4313/7385/4846/1346",120
"hsa04931","hsa04931","Insulin resistance","69/3790","108/8163",0.000178009927492877,0.00228775721629735,0.00163089017391135,"5295/948/5564/5590/5500/6197/5507/10000/92579/3643/9882/22877/5588/5499/5565/5602/32/5290/5970/6195/5524/5106/8660/5581/5580/8503/5465/5770/208/6720/5601/5792/5291/5599/11001/10999/9586/1385/376497/27330/11000/9021/7132/148327/207/2673/5293/2475/5728/6196/6198/9945/5296/10724/64764/6513/5571/3551/90673/5579/90993/5781/6199/2932/200186/1374/6945/4846/5836",69
"hsa04152","hsa04152","AMPK signaling pathway","76/3790","121/8163",0.000191633261857673,0.00237488363802188,0.00169300062167493,"5295/948/5529/5564/595/5518/31/3156/5468/10000/5211/92579/79966/3643/5522/3479/81617/1994/5565/32/890/5290/92335/7248/55844/5516/51719/5213/5106/9230/8471/8660/8503/5527/208/2309/3172/6720/5291/7249/5519/9586/1385/10645/148327/6009/207/2194/5293/79602/3953/5528/2475/6885/6198/5214/5296/8900/64764/5523/23411/51552/5571/2203/55012/90993/5515/5207/28227/6199/5862/200186/1374/84335/4218/5520",76
"hsa04932","hsa04932","Non-alcoholic fatty liver disease","94/3790","155/8163",0.000231556143872131,0.00277068903184929,0.00197516129981673,"5295/6391/5564/27089/4722/4728/54539/1345/5879/5468/10000/3643/22877/9377/4704/126328/5565/5602/355/5290/7494/5970/4724/1337/468/1347/4705/8660/637/4217/4708/8503/5465/1349/208/7381/840/1351/56901/6720/5601/5291/7384/5599/1340/5603/4712/9021/7132/207/4512/5293/4707/79602/4700/841/6389/3953/4710/9451/4702/1329/581/1327/374291/4701/5296/29796/4716/4726/10018/83737/4513/7186/6256/55967/2931/2081/5571/51079/4706/3551/5600/836/2353/4696/356/1350/2932/4694/4723/6945/7385/1346",94
"hsa04211","hsa04211","Longevity regulating pathway","58/3790","89/8163",0.000264886459419487,0.00306385338061874,0.00218415150749402,"5295/9365/5564/5468/27244/115/7157/10000/3643/5566/3479/9470/5565/143686/5290/5970/7248/1977/468/8471/8660/8503/79813/208/109/2309/9821/5291/7249/5567/26060/9586/1385/847/10645/4893/10919/148327/6009/207/5293/79602/9474/196883/2475/111/1386/6198/581/83667/5296/64764/23411/5571/3845/90993/6199/84335",58
"hsa01524","hsa01524","Platinum drug resistance","49/3790","73/8163",0.000274124206514914,0.0030684225696992,0.00218740877864193,"5295/330/5980/4259/2948/572/9446/7157/10000/2947/119391/355/5290/7153/4258/7507/672/2950/637/4217/332/8503/1029/208/331/4193/5291/5429/7155/4292/207/5293/841/540/5594/1026/4436/2064/2949/538/581/5296/5366/472/1317/596/836/2941/356",49
"hsa05100","hsa05100","Bacterial invasion of epithelial cells","51/3790","77/8163",0.000341369898195991,0.00370172983356278,0.00263887914723875,"5295/23607/79767/6714/5879/858/857/9844/8976/999/2335/10801/4233/1759/2549/5290/55752/10096/10459/29119/23176/10097/8503/1496/4735/26052/1785/63916/5291/3059/10163/5747/1731/1212/5293/867/1499/10092/5296/1213/10094/81873/8936/1495/399694/1398/2017/60/23157/5829/653857",51
"hsa03060","hsa03060","Protein export","19/3790","23/8163",0.000400621853387256,0.00411485457302045,0.00293338639362902,"3309/9789/60559/29927/23478/83943/11231/7095/196294/6727/10952/6726/28972/58477/23480/90701/6731/55176/6730",19
"hsa05165","hsa05165","Human papillomavirus infection","184/3790","331/8163",0.00040318459793284,0.00411485457302045,0.00293338639362902,"3696/5295/1292/1284/10207/8323/7057/7855/7058/9134/8324/23513/92359/55502/3913/5529/4599/3455/572/5590/595/1956/7283/5518/3909/8322/22801/4600/3911/5700/64398/3065/245973/7450/2778/84441/7482/7157/10000/7472/5566/5522/3371/2335/3133/6934/23493/11211/3993/1298/890/3910/3918/355/5290/898/10319/5970/1740/1739/4853/23462/7248/3454/55844/23545/5516/3655/9223/5584/528/3679/8503/5527/26508/208/155066/3516/1286/8312/2885/1285/1277/84612/3672/896/3716/1293/4193/29110/545/3955/57801/5291/56288/1017/7249/894/1452/1288/1869/8321/5567/9114/5519/9586/4855/1385/5734/9368/7060/4893/5747/1019/1027/7132/148327/83439/6009/5663/10474/207/6773/1741/535/5925/5293/841/1499/5594/5528/1026/6654/1299/5986/2475/5728/6198/3066/581/1101/4851/3996/5296/8900/7976/526/1297/64764/5523/7422/51382/7476/131873/3673/3845/1857/3551/7059/55012/8313/6932/472/3675/7475/5649/8516/90993/836/5515/356/28227/23352/1291/6199/2932/3676/7474/50617/4799/3915/5829/5520/3135",184
"hsa05212","hsa05212","Pancreatic cancer","50/3790","76/8163",0.000495379112017475,0.00491133005343039,0.0035011756789205,"5295/572/595/5337/1956/5879/9459/5338/5900/7157/10000/7048/5602/5290/5970/7039/8503/10928/1029/208/1870/3716/4087/5601/5291/5888/1869/5599/675/1019/207/5925/5293/4088/5594/1026/7046/2475/2064/6198/581/4089/5296/7422/3845/3551/369/6199/5899/1643",50
"hsa04530","hsa04530","Tight junction","100/3790","169/8163",0.000525778060717541,0.00506791630747185,0.0036128024639948,"10207/10398/11346/4629/23513/92359/100506658/1365/8189/5564/91862/3308/5590/57530/9071/1366/79784/595/5010/7082/5518/7122/64398/6714/5879/861/153562/83700/8777/2626/4214/27134/5566/5522/776/4301/3993/9693/5565/5602/5111/1740/1739/55844/51762/58494/5516/5906/10096/9223/50848/5584/6093/23327/57826/10376/4217/7846/10097/5581/79778/84790/84612/4628/9475/5601/56288/3059/5599/5567/23370/5519/4771/7430/4478/9368/1019/1741/55114/9076/2064/10092/3996/10094/140465/87/81873/5571/1364/10627/51735/5515/2017/81/7454/54566/60/4218/653857/5520",100
"hsa04914","hsa04914","Progesterone-mediated oocyte maturation","64/3790","102/8163",0.000624266722873345,0.00585460953613651,0.0041736182041319,"5295/3320/5241/29945/6197/115/10000/983/5566/3479/5602/890/4085/3835/993/5290/891/6195/2770/10459/64506/22849/996/995/9133/8697/8503/208/51433/699/51434/9088/109/5347/2773/5601/5291/1017/5599/5567/5603/8379/27330/25906/8881/207/132864/51529/5293/6790/5594/51343/196883/111/6196/6793/5296/8900/85417/3845/119504/3326/5600/369",64
"hsa05132","hsa05132","Salmonella infection","141/3790","249/8163",0.000667509376613098,0.00609541457065119,0.00434528264554233,"3320/5608/5286/4671/330/4646/10398/837/9265/23643/5420/3831/10333/375/10383/7295/5879/10392/79443/112574/10810/9844/8976/10000/6993/834/8767/1780/6934/1434/51176/5602/3798/257364/5290/27128/5970/9266/7100/51209/23118/10096/79026/7879/6281/10376/26263/55207/7846/10097/127829/208/840/23265/5216/84790/23191/51429/9475/10640/1785/8795/10381/63916/5601/203068/5291/60412/140735/3800/5599/929/5603/2597/84516/7184/338382/2316/7132/29109/83439/207/55823/5293/6500/841/83657/1499/8797/11035/5594/5289/10121/5868/5788/1778/6885/3071/581/8677/10092/10094/114609/7186/5878/81873/11258/9842/388/3799/64837/5063/79659/3551/3326/3836/6932/5600/10627/596/10120/51143/347733/55860/836/2317/2353/10540/5869/83547/1639/60/197259/51164/1783/83658/653857/5217/5287/84617/29108",141
"hsa03013","hsa03013","Nucleocytoplasmic transport","67/3790","108/8163",0.000740661472683246,0.00658998797489965,0.0046978527956967,"3842/7175/5976/4927/11097/57510/84305/9818/3837/3841/10526/1434/55706/10189/79228/3838/23279/4928/5411/55916/23511/55161/25909/10921/79902/7341/23225/79711/23633/23636/81929/3843/9939/10284/129401/57187/5905/23214/5901/59343/7514/9688/55705/30000/10527/23039/9972/55110/64901/6612/22916/2733/4686/1915/57122/8086/7329/65110/3836/348995/6396/26019/10762/56000/51808/23165/29107",67
"hsa03420","hsa03420","Nucleotide excision repair","33/3790","47/8163",0.000812760724188144,0.00705069928233215,0.00502628342590036,"5887/8450/5982/5111/5426/7507/5983/1022/5985/1069/5424/4331/5425/2967/2073/5427/5984/2968/3978/54107/6119/10714/2965/404672/2072/9978/56655/8451/1161/5886/5981/6117/1643",33
"hsa01521","hsa01521","EGFR tyrosine kinase inhibitor resistance","51/3790","79/8163",0.000848716432662226,0.00718303907643396,0.00512062546022139,"5295/3082/572/80310/2261/1956/2065/6714/56034/10000/5154/2263/3479/9470/4233/5156/9542/2549/5290/1977/7039/8503/208/2885/2309/3716/5291/4893/207/5293/5594/6654/2475/2064/5728/6198/5335/581/5296/10018/2621/7422/3084/3845/399694/5579/3791/596/369/6199/2932",51
"hsa04015","hsa04015","Rap1 signaling pathway","120/3790","210/8163",0.00103399312223983,0.00844976543929318,0.00602364592214135,"5295/5608/5332/889/3082/7057/57568/7410/5909/5587/3397/5590/80310/2261/1956/23566/9732/2775/22808/23236/6714/5879/56034/2846/5900/2260/2778/2776/284/115/10000/55740/2321/4803/5154/999/3643/2252/2263/3479/4301/9771/4233/5156/25780/9693/4254/5290/51466/10411/1902/5906/2770/9223/8631/5584/8503/208/5216/1436/109/84612/3815/23094/2246/2773/5291/56288/1268/5603/2533/9863/91860/4893/3689/7094/9170/207/5293/3684/7423/3937/2264/7424/1499/285/5594/2324/196883/83593/111/23683/2357/2254/5335/9855/7010/2904/10235/5296/2889/7422/1945/3845/5600/10451/1946/83660/5579/3791/1398/5028/51735/2903/2255/2902/60/5899/9965/5217",120
"hsa04144","hsa04144","Endocytosis","141/3790","251/8163",0.00104708908901904,0.00844976543929318,0.00602364592214135,"6643/9265/92421/50807/9922/2348/832/5590/8395/23527/8027/2261/408/3482/5337/1956/375/8766/23624/56904/6714/5338/858/857/23111/55616/644150/8411/8724/8976/23325/22841/2263/2869/3133/7048/51100/5156/3798/26056/1759/2060/9815/51019/27128/84440/9266/381/84313/2350/23362/11031/10096/58533/5584/7879/9230/116987/23327/10565/10097/6642/26052/8394/84612/414189/26286/25978/1785/51534/4087/116985/4193/116988/56288/55737/3800/64145/3310/27131/254122/57154/3577/89853/147179/1212/4088/84364/2264/867/10564/11267/7046/30844/79720/5868/116983/27243/161/23550/30011/57403/156/10092/1213/10094/30846/80230/83737/79643/868/5878/81873/10254/128866/2870/3799/7037/1234/3306/55040/9798/51324/10015/409/28964/3559/138429/378/5869/8723/64744/642517/163/7456/1175/9135/4218/653857/3135/440073",141
"hsa05213","hsa05213","Endometrial cancer","39/3790","58/8163",0.00107688453922254,0.00849270307068685,0.00605425518462433,"5295/572/595/1956/7157/10000/999/6934/51176/5290/29119/8503/208/1496/8312/2885/2309/5291/4292/4893/83439/207/5293/1499/5594/1026/6654/2002/2064/5728/581/5296/3845/1495/8313/6932/369/2932/1643",39
"hsa05220","hsa05220","Chronic myeloid leukemia","49/3790","76/8163",0.00111190693294789,0.00850192542756652,0.00606082959344193,"5295/2122/9846/6776/572/595/3065/861/7157/10000/6777/7048/5290/5970/613/8503/1029/208/1870/2885/1488/1487/4193/25/5291/1869/4893/1019/1027/207/5925/5293/4088/867/5594/1026/6654/7046/3066/581/4089/5296/3845/399694/3551/1398/5781/369/1643",49
"hsa04380","hsa04380","Osteoclast differentiation","77/3790","128/8163",0.0011504437946335,0.00850192542756652,0.00606082959344193,"5295/5608/2354/9846/3455/2274/5530/5879/5468/1540/10000/4772/5532/7048/140885/5602/5290/5970/3454/1535/23118/8878/23547/8503/10859/208/10990/4689/2212/2213/2885/1436/11025/6850/3716/5601/5291/7305/4773/11006/5599/4688/8792/5603/1385/10288/2534/9103/653361/3726/9021/7132/207/6773/5293/3937/10326/5594/7046/54/4286/6688/6885/3554/126014/5296/7186/11027/3459/3551/5600/29760/2353/11024/27035/8651/2209",77
"hsa05225","hsa05225","Hepatocellular carcinoma","98/3790","168/8163",0.00116230378908599,0.00850192542756652,0.00606082959344193,"5295/3082/8323/7855/8324/4259/2948/6597/572/9446/595/1956/8322/3481/6599/4780/7482/6598/7157/10000/7472/7048/2947/119391/86/6934/4233/11211/51176/2549/5290/8289/23401/4258/6595/9817/57492/2950/6604/7039/8503/1029/208/1870/8312/2885/4087/6605/5291/1452/1869/8321/7296/6603/29117/4893/1019/83439/207/4041/5925/5293/4088/1499/5594/1026/6654/7046/2002/2475/5728/2949/6198/8110/5335/581/4089/6601/5296/7976/7476/6602/3845/1857/399694/8313/6932/7475/5579/2941/3162/55274/369/6199/2932/7474/60/1643",98
"hsa04933","hsa04933","AGE-RAGE signaling pathway in diabetic complications","62/3790","100/8163",0.00117605884877001,0.00850192542756652,0.00606082959344193,"5295/5332/1284/1958/7412/6776/5590/595/23236/5879/185/10000/1281/4772/2335/6777/7048/5602/5290/3383/5970/6401/5581/5580/8503/208/6347/1286/1285/1277/4087/1536/5601/5291/1288/5599/5603/4893/1019/1027/207/5293/4088/7423/7424/1729/5594/7046/5335/581/4089/5296/7422/3845/5600/5579/596/836/5054/27035/4313/4846",62
"hsa03440","hsa03440","Homologous recombination","29/3790","41/8163",0.0013945017879279,0.00979383198141313,0.0069818004417779,"10111/25788/5932/8438/641/4683/580/672/5892/5424/5425/7979/8940/146956/84142/83990/6119/5888/10714/675/7156/79184/80198/29086/7517/472/11073/6117/5889",29
"hsa05208","hsa05208","Chemical carcinogenesis - reactive oxygen species","126/3790","223/8163",0.00141121498291255,0.00979383198141313,0.0069818004417779,"5295/3082/6391/4259/2948/5587/27089/4722/572/516/9446/4728/54539/5337/1956/1345/4780/515/6714/5879/5338/10000/2052/1645/9377/4704/2947/119391/4233/126328/5602/5290/5970/4258/196/1535/4724/9817/405/1337/1347/4705/291/4217/518/5580/4708/27/8503/1349/5770/208/7381/7419/10327/498/1351/2885/56901/2309/25/5601/5291/7384/5599/4688/1340/5603/4712/6647/847/653361/4893/5747/207/4512/5293/4707/4700/6389/4710/4702/52/5594/6654/5728/293/2949/1544/23683/1329/522/1327/374291/4701/513/5296/29796/4716/4726/506/4513/4541/539/55967/7422/1836/3845/517/51079/4706/3551/292/5600/2941/2353/5781/4696/3162/1350/369/4694/4723/27035/7385/1346",126
